{
  "stgcn": {
    "mae": 0.06730538606643677,
    "mse": 0.008465343154966831,
    "rmse": 0.09200729946567734,
    "r2": 0.876712441444397,
    "per_road_mae": [
      0.06586815416812897,
      0.06456305831670761,
      0.07792630046606064,
      0.06086404249072075
    ],
    "n_samples": 488
  },
  "rl": {
    "episodes": 300,
    "best_reward": -4.6964945793151855,
    "last20_avg": -5.562961578369141,
    "first_reward": -10.53427791595459,
    "improvement_pct": 52.559112548828125
  },
  "comparison": {
    "DQN Agent": {
      "avg_queue": 0.5152083333333334,
      "avg_wait": 3.5405334549645584,
      "avg_reward": -0.053316966889348505
    },
    "Fixed Timing": {
      "avg_queue": 0.7445833333333334,
      "avg_wait": 6.291766921182473,
      "avg_reward": -0.08002218932068596
    },
    "Random": {
      "avg_queue": 1.08375,
      "avg_wait": 10.637871474921702,
      "avg_reward": -0.11698562762370178
    }
  }
}